{
    "sum": 128.01,
    "min": 1.03,
    "max": 4.91,
    "mean": 2.7828260869565216,
    "median": 2.87,
    "stdev": 1.1884811278705052
}